{
  "ant": {
    "env_id": "mo-ant-v5",
    "num_obj": 3,
    "ref_point": [
      -10,
      -30,
      -1070
    ],
    "ideal": [
      663.4223373123959,
      673.081094802337,
      170.32676227614746
    ],
    "nadir": [
      -383.0972388779637,
      -382.6300536395989,
      -687.4694225148995
    ]
  },
  "halfcheetah": {
    "env_id": "mo-halfcheetah-v5",
    "num_obj": 2,
    "ref_point": [
      -140,
      -1590
    ],
    "ideal": [
      1065.804548622464,
      59.60254159560017
    ],
    "nadir": [
      -1118.291602165169,
      -655.6354207320287
    ]
  },
  "hopper": {
    "env_id": "mo-hopper-v5",
    "num_obj": 3,
    "ref_point": [
      -10,
      -90,
      -820
    ],
    "ideal": [
      318.82410884439383,
      362.2802097784924,
      127.5854581800662
    ],
    "nadir": [
      -32.0902212391179,
      -148.96091692590247,
      -212.25287378476935
    ]
  },
  "humanoid": {
    "env_id": "mo-humanoid-v5",
    "num_obj": 2,
    "ref_point": [
      40,
      -1220
    ],
    "ideal": [
      570.0684919978344,
      563.1575322038121
    ],
    "nadir": [
      -14.523355787027633,
      -739.8205696034989
    ]
  },
  "swimmer": {
    "env_id": "mo-swimmer-v5",
    "num_obj": 2,
    "ref_point": [
      -20,
      -740
    ]
  },
  "walker2d": {
    "env_id": "mo-walker2d-v5",
    "num_obj": 2,
    "ref_point": [
      -70,
      -1100
    ]
  }
}